Approach,row_similarity_search,more_similar_than,column_similarity_search,table_retrieval,cell_task,predictive_ml
GritLM,0.7520075530261755,0.8547600063281127,0.5131793525332566,0.89030026287489,0.5576047119112665,1508.0
HyTrel,0.04582107917480306,0.621610821072615,0.3374183696346199,0.8310008777838584,0.29390141833025885,1386.0
IBM Granite R2,0.7249184763126494,0.7991328903654484,0.4860574154308045,0.8722895442645322,0.6585267054059861,1470.0
MiniLM,0.6560711856350382,0.8064177345356747,0.4737081792280481,0.8489438193150747,0.571847241216968,1465.0
SAP-RPT-1,0.02389518380811752,0.6998902863470969,0.08064044730468319,,0.2829906169022295,1583.0
TabICL v2,0.04211992980420691,0.6524154405948426,0.15443704198328567,,0.1473980630928065,1620.0
TabPFN v2.5,0.0017385278292794553,0.6256358962189527,,,,1614.0
TabuLa-8B,0.44198937430201435,0.8368688498655276,,,,1518.0
