Approach,table_retrieval,table_shuffling,table_type_detection
Granite-R2 (csv),0.7010971054146629,0.1286578403171571,0.898
Granite-R2 (md),0.6994609644550327,0.12858430921858574,0.911
GritLM (csv),0.7027017612692912,0.16520960533634857,0.909
GritLM (md),0.7178107263415756,0.18022698297109238,0.906
Hashing,0.32210024295993106,0.0,0.9357777777777778
HyTrel,0.01785686538568947,0.8747193409221703,0.649
MiniLM (csv),0.5545254300153263,0.15498420959245504,0.791
MiniLM (md),0.5411324370255223,0.1964669911628759,0.785
