Approach,table_retrieval,table_shuffling,table_type_detection
Granite-R2 (md),0.6994609644550327,0.12858430921858574,0.9103080679136358
GritLM (md),0.7178107263415756,0.18022698297109238,0.9059427890414856
Hashing,0.32210024295993106,0.0,0.9251774617851206
HyTrel,0.01785686538568947,0.8747193409221703,0.6438522771336342
MiniLM (md),0.5411324370255223,0.1964669911628759,0.7818006812782236
